"Chicken Large Deep","Chicken Large Deep","Chicken Large deep","Chicken large Beep","Chicken large Deep","Chicken large deep","chicken Large Deep","chicken Large deep","chicken large Deep","chicken large beep","chicken large deep"
"Chicken Large Medium","Chicken Large Medium","Chicken Large medium","Chicken large Medium","Chicken large medium","chicken Large Medium","chicken Large medium","chicken large Medium","chicken large medium"
"Chicken Small Deep","Chicken Small Deep","Chicken Small deep","Chicken small Deep","Chicken small beep","Chicken small deep","chicken Small Deep","chicken Small deep","chicken small Beep","chicken small Deep","chicken small deep"
"Chicken Small Shallow","Chicken Small Shallow","Chicken Small shallow","Chicken small Shallow","Chicken small shallow","chicken Small Shallow","chicken Small shallow","chicken small Shallow","chicken small shallow"
"Goat Large Deep","Goat Large Deep","Goat Large deep","Goat large Deep","Goat large deep","go to large deep","goat Large Deep","goat Large deep","goat large Deep","goat large deep"
"Goat Large Medium","Goat Large Medium","Goat Large medium","Goat large Medium","Goat large medium","go to large medium","goat Large Medium","goat Large medium","goat large Medium","goat large medium"
"Goat Small Deep","Goat Small Deep","Goat Small deep","Goat small Deep","Goat small deep","go to small deep","goat Small Deep","goat Small deep","goat small Deep","goat small deep"
"Goat Small Shallow","Goat Small Shallow","Goat Small shallow","Goat small Shallow","Goat small shallow","go to small shallow","go to small silo","goat Small Shallow","goat Small shallow","goat a small solo","goat small Shallow","goat small shallow"
"Veg Large Deep","Veg Large Deep","Veg Large deep","Veg large Deep","Veg large deep","let's large deep","veg Large Deep","veg Large deep","veg large Deep","veg large deep","which large deep"
"Veg Large Medium","Veg Large Medium","Veg Large medium","Veg large Medium","Veg large medium","let's large medium","veg Large Medium","veg Large medium","veg large Medium","veg large medium","which large medium"
"Veg Small Deep","Veg Small Deep","Veg Small deep","Veg small Deep","Veg small deep","let's small deep","veg Small Deep","veg Small deep","veg small Deep","veg small deep","which small deep"
"Veg Small Shallow","Veg Small Shallow","Veg Small shallow","Veg small Shallow","Veg small shallow","let's small shallow","veg Small Shallow","veg Small shallow","veg a small silo","veg small Shallow","veg small shallow","which small shallow"
