"Dum Ka Ghosh","Donkey Kong","Donkey kong","Dum Ka Ghosh","Dum ka ghosh","Dumka ghosh","car wash","cargo","cargos","donkey Kong","donkey kong","dum ka gauche","dum ka ghosh","dumb khargosh","dumka gauche","dumka ghosh","dumka gosh","ghosh","gosh","guache","tomka gauche"
"Fidaa Special Goat Curry","Fida Special goat curry","Fida special goat Curry","Fida special goat curry","Fidaa Special Goat Curry","Fidaa special goat curry","Special Goat curry","feed a special goat Curry","fidaa special goat curry","special goat curry"
"Goat Curry","Goat Curry","Goat curry","goat curry"
"Goat Kurma","Goat Kurma","Goat kurma","goat Korma","goat korma","goat kurma","good karma"
"Gongura Mutton","Gongura Mutton","Gongura mutton","Kangra Martin","gongura mutton","kangra Martin","kangra martin"
"Haleem","Haleem","Halim","Harlem","haleem","harlem"
"Lamb Curry","Lamb Curry","Lamb curry","Lamb karma","lamb curry","lamb karma"
"Lamb Kurma","Lamb Kurma","Lamb kurma","lamb Korma","lamb korma","lamb kurma"
"Lamb Tikka Masala","Lamb Tikka Masala","Lamb tikka masala","lamb tikka masala"
"Lamb Vindaloo","Lamb Vindaloo","Lamb vindaloo","lamb vindaloo","lamb windaloo"
"Palak Goat Curry","Palak Goat Curry","Palak goat curry","Pallet goat Curry","Paula Goat Curry","Paula goat Curry","palak goat","palak goat curry","pallet goat","pallet goat curry","paula goat Curry","paula goat curry"
