"Butter Naan","Butter Naan","Butter naan","Button On","Button on","Naan Butter","but turn on","butter known","butter naan","butter none","button none","button on","naan butter"
"Butter Roti","Butter Roti","Butter roti","Roti Butter","butter Roti","butter roti","roti butter"
"Cheese Naan","Cheese Naan","Cheese naan","Cheese none","Naan Cheese","cheese naan","cheese none","naan cheese"
"Chilli Naan","Celine known","Chile known","Chili naan","Chilli Naan","Chilli naan","Naan Chilli","chili Naan","chili naan","chili nom","chili none","chili numb","chilli naan","chilling on","naan chilli"
"Garlic Naan","Garlic Naan","Garlic naan","Garlic none","Naan Garlic","garlic naan","garlic none","naan garlic"
"Onion Chilli Kulcha","Chile culture","Chilli Kulcha Onion","Chilli Onion Kulcha","Kulcha Chilli Onion","Kulcha Onion Chilli","Onion Chilli Kulcha","Onion Kulcha Chilli","Onion chilli kulcha","chilli kulcha onion","chilli onion kulcha","kulcha chilli onion","kulcha onion chilli","onion Chile culture","onion chilli kulcha","onion kulcha chilli"
"Onion Kulcha","Kulcha Onion","Onion Kulcha","Onion kulcha","kulcha onion","onion kulcha"
"Paneer Kulcha","Chinese culture","Funny Kulcha","Funny kulcha","Kulcha Paneer","Paneer Kulcha","Paneer kulcha","bunny culture","funny kulcha","kulcha paneer","paneer kulcha"
"Plain Naan","Naan Plain","Plain Naan","Plain naan","naan plain","plain naan","plain non","plain on","plane naan","plane non","plane none","plane on","play known","play non","play none","play on"
"Tandoor Roti","Roti Tandoor","Tandoor Roti","Tandoor roti","Tandoori Roti","Tandoori roti","roti tandoor","tandoor roti","tandoori roti"
